{
    "tractionEarth": "1.188122148939034e+21",
    "vectorDirection_E": -64.77409383709202,
    "tractionSubject": 0.0015921234826653718,
    "vector_direction_S": -64.77409383709204,
    "moon_illumination_fraction": 0.015360883732790154
}