{"tractionEarth":"7.710426823487767e+20","vectorDirection_E":-73.35359631906773,"tractionSubject":0.0010332230249229832,"vector_direction_S":-73.35359631906773}