{"tractionEarth":"7.713857686636955e+20","vectorDirection_E":-73.36953945375329,"tractionSubject":0.0010336827720786536,"vector_direction_S":-73.36953945375329,"moon_illumination_fraction":0.03257705195195704}